PRAGMA foreign_keys=OFF;
BEGIN TRANSACTION;
CREATE TABLE IF NOT EXISTS "extensions" ("id" integer PRIMARY KEY AUTOINCREMENT NOT NULL, "name" varchar NOT NULL, "created_at" datetime(6) NOT NULL, "updated_at" datetime(6) NOT NULL);
INSERT INTO extensions VALUES(1,'Base Game','2024-10-09 12:12:10.179037','2024-10-09 12:12:10.179037');
INSERT INTO extensions VALUES(2,'Corporate Era','2024-10-09 12:12:10.210781','2024-10-09 12:12:10.210781');
INSERT INTO extensions VALUES(3,'Prelude','2024-10-09 12:12:10.215259','2024-10-09 12:12:10.215259');
INSERT INTO extensions VALUES(4,'Hellas & Elysium','2024-10-09 12:12:10.223056','2024-10-09 12:12:10.223056');
INSERT INTO extensions VALUES(5,'Venus Next','2024-10-09 12:12:10.227415','2024-10-09 12:12:10.227415');
INSERT INTO extensions VALUES(6,'Colonies','2024-10-09 12:12:10.241434','2024-10-09 12:12:10.241434');
INSERT INTO extensions VALUES(7,'Turmoil','2024-10-09 12:12:10.249519','2024-10-09 12:12:10.249519');
INSERT INTO extensions VALUES(8,'Turmoil Kickstarter Promo Pack','2024-10-09 12:12:10.257769','2024-10-09 12:12:10.257769');
INSERT INTO extensions VALUES(9,'TM Promo Pack','2024-10-09 12:12:10.262993','2024-10-09 12:12:10.262993');
INSERT INTO extensions VALUES(10,'Prelude 2','2024-10-18 21:19:27.108841','2024-10-18 21:19:27.108841');
INSERT INTO extensions VALUES(11,'Big Box Promo Pack','2024-10-18 21:19:27.126022','2024-10-18 21:19:27.126022');
INSERT INTO extensions VALUES(12,'Prelude 2 Promo Pack','2024-10-18 21:19:27.137373','2024-10-18 21:19:27.137373');
INSERT INTO extensions VALUES(13,'Utopia & Cimmeria','2024-10-18 21:19:27.148238','2024-10-18 21:19:27.148238');
INSERT INTO extensions VALUES(14,'Amazonis & Vastitas','2024-10-18 21:19:27.166027','2024-10-18 21:19:27.166027');
INSERT INTO extensions VALUES(15,'Seasonal Promo Pack 2021','2024-10-18 21:19:27.178296','2024-10-18 21:19:27.178296');
INSERT INTO extensions VALUES(16,'Seasonal Promo Pack 2022','2024-10-18 21:19:27.180997','2024-10-18 21:19:27.180997');
INSERT INTO extensions VALUES(17,'Seasonal Promo Pack 2023','2024-10-18 21:19:27.183638','2024-10-18 21:19:27.183638');
INSERT INTO extensions VALUES(18,'Seasonal Promo Pack 2024','2024-10-19 07:12:55.572801','2024-10-19 07:12:55.572801');
CREATE TABLE IF NOT EXISTS "extensions_games" ("extension_id" integer NOT NULL, "game_id" integer NOT NULL);
INSERT INTO extensions_games VALUES(1,1);
INSERT INTO extensions_games VALUES(2,1);
INSERT INTO extensions_games VALUES(3,1);
INSERT INTO extensions_games VALUES(4,1);
INSERT INTO extensions_games VALUES(1,2);
INSERT INTO extensions_games VALUES(2,2);
INSERT INTO extensions_games VALUES(3,2);
INSERT INTO extensions_games VALUES(4,2);
INSERT INTO extensions_games VALUES(5,2);
INSERT INTO extensions_games VALUES(1,3);
INSERT INTO extensions_games VALUES(2,3);
INSERT INTO extensions_games VALUES(3,3);
INSERT INTO extensions_games VALUES(4,3);
INSERT INTO extensions_games VALUES(5,3);
INSERT INTO extensions_games VALUES(6,3);
INSERT INTO extensions_games VALUES(7,3);
INSERT INTO extensions_games VALUES(1,4);
INSERT INTO extensions_games VALUES(2,4);
INSERT INTO extensions_games VALUES(3,4);
INSERT INTO extensions_games VALUES(4,4);
INSERT INTO extensions_games VALUES(5,4);
INSERT INTO extensions_games VALUES(6,4);
INSERT INTO extensions_games VALUES(1,5);
INSERT INTO extensions_games VALUES(2,5);
INSERT INTO extensions_games VALUES(3,5);
INSERT INTO extensions_games VALUES(4,5);
INSERT INTO extensions_games VALUES(1,6);
INSERT INTO extensions_games VALUES(2,6);
INSERT INTO extensions_games VALUES(3,6);
INSERT INTO extensions_games VALUES(4,6);
INSERT INTO extensions_games VALUES(5,6);
INSERT INTO extensions_games VALUES(6,6);
INSERT INTO extensions_games VALUES(1,7);
INSERT INTO extensions_games VALUES(2,7);
INSERT INTO extensions_games VALUES(3,7);
INSERT INTO extensions_games VALUES(4,7);
INSERT INTO extensions_games VALUES(5,7);
INSERT INTO extensions_games VALUES(6,7);
INSERT INTO extensions_games VALUES(1,8);
INSERT INTO extensions_games VALUES(2,8);
INSERT INTO extensions_games VALUES(3,8);
INSERT INTO extensions_games VALUES(5,8);
INSERT INTO extensions_games VALUES(6,8);
INSERT INTO extensions_games VALUES(1,9);
INSERT INTO extensions_games VALUES(2,9);
INSERT INTO extensions_games VALUES(3,9);
INSERT INTO extensions_games VALUES(7,9);
INSERT INTO extensions_games VALUES(1,10);
INSERT INTO extensions_games VALUES(2,10);
INSERT INTO extensions_games VALUES(3,10);
INSERT INTO extensions_games VALUES(1,11);
INSERT INTO extensions_games VALUES(2,11);
INSERT INTO extensions_games VALUES(3,11);
INSERT INTO extensions_games VALUES(5,11);
INSERT INTO extensions_games VALUES(6,11);
INSERT INTO extensions_games VALUES(1,12);
INSERT INTO extensions_games VALUES(2,12);
INSERT INTO extensions_games VALUES(3,12);
INSERT INTO extensions_games VALUES(1,13);
INSERT INTO extensions_games VALUES(2,13);
INSERT INTO extensions_games VALUES(3,13);
INSERT INTO extensions_games VALUES(4,13);
INSERT INTO extensions_games VALUES(5,13);
INSERT INTO extensions_games VALUES(6,13);
INSERT INTO extensions_games VALUES(1,14);
INSERT INTO extensions_games VALUES(2,14);
INSERT INTO extensions_games VALUES(3,14);
INSERT INTO extensions_games VALUES(4,14);
INSERT INTO extensions_games VALUES(5,14);
INSERT INTO extensions_games VALUES(1,15);
INSERT INTO extensions_games VALUES(2,15);
INSERT INTO extensions_games VALUES(3,15);
INSERT INTO extensions_games VALUES(4,15);
INSERT INTO extensions_games VALUES(1,16);
INSERT INTO extensions_games VALUES(2,16);
INSERT INTO extensions_games VALUES(3,16);
INSERT INTO extensions_games VALUES(4,16);
INSERT INTO extensions_games VALUES(5,16);
INSERT INTO extensions_games VALUES(6,16);
INSERT INTO extensions_games VALUES(1,17);
INSERT INTO extensions_games VALUES(2,17);
INSERT INTO extensions_games VALUES(3,17);
INSERT INTO extensions_games VALUES(4,17);
INSERT INTO extensions_games VALUES(5,17);
INSERT INTO extensions_games VALUES(1,18);
INSERT INTO extensions_games VALUES(2,18);
INSERT INTO extensions_games VALUES(3,18);
INSERT INTO extensions_games VALUES(7,18);
INSERT INTO extensions_games VALUES(1,19);
INSERT INTO extensions_games VALUES(2,19);
INSERT INTO extensions_games VALUES(3,19);
INSERT INTO extensions_games VALUES(4,19);
INSERT INTO extensions_games VALUES(1,20);
INSERT INTO extensions_games VALUES(2,20);
INSERT INTO extensions_games VALUES(3,20);
INSERT INTO extensions_games VALUES(1,21);
INSERT INTO extensions_games VALUES(2,21);
INSERT INTO extensions_games VALUES(3,21);
INSERT INTO extensions_games VALUES(1,22);
INSERT INTO extensions_games VALUES(2,22);
INSERT INTO extensions_games VALUES(3,22);
INSERT INTO extensions_games VALUES(1,23);
INSERT INTO extensions_games VALUES(2,23);
INSERT INTO extensions_games VALUES(3,23);
INSERT INTO extensions_games VALUES(1,24);
INSERT INTO extensions_games VALUES(2,24);
INSERT INTO extensions_games VALUES(3,24);
INSERT INTO extensions_games VALUES(5,24);
INSERT INTO extensions_games VALUES(1,25);
INSERT INTO extensions_games VALUES(2,25);
INSERT INTO extensions_games VALUES(3,25);
INSERT INTO extensions_games VALUES(4,25);
INSERT INTO extensions_games VALUES(1,26);
INSERT INTO extensions_games VALUES(2,26);
INSERT INTO extensions_games VALUES(3,26);
INSERT INTO extensions_games VALUES(6,26);
INSERT INTO extensions_games VALUES(1,27);
INSERT INTO extensions_games VALUES(2,27);
INSERT INTO extensions_games VALUES(3,27);
INSERT INTO extensions_games VALUES(4,27);
INSERT INTO extensions_games VALUES(5,27);
INSERT INTO extensions_games VALUES(1,28);
INSERT INTO extensions_games VALUES(2,28);
INSERT INTO extensions_games VALUES(3,28);
INSERT INTO extensions_games VALUES(4,28);
INSERT INTO extensions_games VALUES(5,28);
INSERT INTO extensions_games VALUES(6,28);
INSERT INTO extensions_games VALUES(1,29);
INSERT INTO extensions_games VALUES(2,29);
INSERT INTO extensions_games VALUES(3,29);
INSERT INTO extensions_games VALUES(4,29);
INSERT INTO extensions_games VALUES(1,30);
INSERT INTO extensions_games VALUES(2,30);
INSERT INTO extensions_games VALUES(3,30);
INSERT INTO extensions_games VALUES(4,30);
INSERT INTO extensions_games VALUES(1,31);
INSERT INTO extensions_games VALUES(2,31);
INSERT INTO extensions_games VALUES(3,31);
INSERT INTO extensions_games VALUES(4,31);
INSERT INTO extensions_games VALUES(1,32);
INSERT INTO extensions_games VALUES(2,32);
INSERT INTO extensions_games VALUES(3,32);
INSERT INTO extensions_games VALUES(4,32);
INSERT INTO extensions_games VALUES(1,33);
INSERT INTO extensions_games VALUES(2,33);
INSERT INTO extensions_games VALUES(3,33);
INSERT INTO extensions_games VALUES(4,33);
INSERT INTO extensions_games VALUES(5,33);
INSERT INTO extensions_games VALUES(6,33);
INSERT INTO extensions_games VALUES(1,34);
INSERT INTO extensions_games VALUES(2,34);
INSERT INTO extensions_games VALUES(3,34);
INSERT INTO extensions_games VALUES(4,34);
INSERT INTO extensions_games VALUES(1,35);
INSERT INTO extensions_games VALUES(2,35);
INSERT INTO extensions_games VALUES(3,35);
INSERT INTO extensions_games VALUES(1,36);
INSERT INTO extensions_games VALUES(2,36);
INSERT INTO extensions_games VALUES(3,36);
INSERT INTO extensions_games VALUES(5,36);
INSERT INTO extensions_games VALUES(1,37);
INSERT INTO extensions_games VALUES(2,37);
INSERT INTO extensions_games VALUES(3,37);
INSERT INTO extensions_games VALUES(4,37);
INSERT INTO extensions_games VALUES(5,37);
INSERT INTO extensions_games VALUES(7,37);
INSERT INTO extensions_games VALUES(8,37);
INSERT INTO extensions_games VALUES(9,37);
INSERT INTO extensions_games VALUES(1,38);
INSERT INTO extensions_games VALUES(2,38);
INSERT INTO extensions_games VALUES(3,38);
INSERT INTO extensions_games VALUES(1,39);
INSERT INTO extensions_games VALUES(2,39);
INSERT INTO extensions_games VALUES(3,39);
INSERT INTO extensions_games VALUES(4,39);
INSERT INTO extensions_games VALUES(1,40);
INSERT INTO extensions_games VALUES(2,40);
INSERT INTO extensions_games VALUES(3,40);
INSERT INTO extensions_games VALUES(4,40);
INSERT INTO extensions_games VALUES(5,40);
INSERT INTO extensions_games VALUES(6,40);
INSERT INTO extensions_games VALUES(9,40);
INSERT INTO extensions_games VALUES(1,42);
INSERT INTO extensions_games VALUES(2,42);
INSERT INTO extensions_games VALUES(3,42);
INSERT INTO extensions_games VALUES(8,42);
INSERT INTO extensions_games VALUES(9,42);
INSERT INTO extensions_games VALUES(10,42);
INSERT INTO extensions_games VALUES(11,42);
INSERT INTO extensions_games VALUES(12,42);
INSERT INTO extensions_games VALUES(14,42);
INSERT INTO extensions_games VALUES(15,42);
INSERT INTO extensions_games VALUES(16,42);
INSERT INTO extensions_games VALUES(17,42);
INSERT INTO extensions_games VALUES(18,42);
CREATE TABLE IF NOT EXISTS "somethings" ("id" integer PRIMARY KEY AUTOINCREMENT NOT NULL, "date" date, "created_at" datetime(6) NOT NULL, "updated_at" datetime(6) NOT NULL);
CREATE TABLE IF NOT EXISTS "users" ("id" integer PRIMARY KEY AUTOINCREMENT NOT NULL, "name" varchar NOT NULL, "email_address" varchar NOT NULL, "password_digest" varchar NOT NULL, "admin" boolean DEFAULT 0 NOT NULL, "created_at" datetime(6) NOT NULL, "updated_at" datetime(6) NOT NULL);
INSERT INTO users VALUES(1,'Jonas','jonas@jole.dev','$2a$12$b.Kz/8m5d0wpMKxZu.3ZG.BROg4R8oZc4NaZditL.XEvRc2CIi4wS',1,'2024-10-09 12:12:56.222191','2024-10-18 10:43:17.651947');
INSERT INTO users VALUES(2,'Laurin K.','laurin@kerk-loh.de','$2a$12$B9/WqSoMxHuYgg4P8wepburoYMvwLMM/Wz5mznbRTULGclW/rNBA6',0,'2024-10-09 12:23:06.527349','2024-10-18 19:45:26.250928');
INSERT INTO users VALUES(3,'Langer Laurin','laurin-weber@gmx.net','$2a$12$Pe984dKVItEVptAwa4tydOawGGFlCXOn0jFF4s4kKfkY77ZSaRQ6S',0,'2024-10-09 12:26:27.233946','2024-10-18 10:49:33.052928');
INSERT INTO users VALUES(4,'Jonte','jontejakob@gmail.com','$2a$12$uzToorA0Kl0VgHMAtefKwezbJkeRtaBhi1W.NUCSe3nS7waS4r31i',0,'2024-10-09 12:27:09.618486','2024-10-18 19:45:44.681978');
INSERT INTO users VALUES(5,'Joris','joris.proelss@edmpro.de','$2a$12$Mk4WuMMX1pVkhlC/9v4AFeuFQfe8wAjEDKlD2JsxNLsNQJji4KxB2',0,'2024-10-09 12:27:43.086722','2024-10-12 00:13:14.262445');
INSERT INTO users VALUES(6,'Moritz','moritz@example.com','$2a$12$kGCmxl81nnCOlJanjSBBYefTsUxyuzEMl2yZsKCu4Dgvy6PxnJJOy',0,'2024-10-09 12:28:26.928195','2024-10-09 12:28:26.928195');
INSERT INTO users VALUES(7,'Chris','chris@example.com','$2a$12$cCH/D9Lke/TXIMRz10fb6eSze8C1j7IW/NjOjTb0NVOnViyoqzyDW',0,'2024-10-09 12:29:25.681256','2024-10-09 12:29:25.681256');
INSERT INTO users VALUES(8,'Dunya','dunya@example.com','$2a$12$2iXZhk54kh2uXNXw/lPSPucvJxj5r1.nxhH0uAxcVLZcdHhGbfnXy',0,'2024-10-09 12:29:56.332958','2024-10-09 12:29:56.332958');
INSERT INTO users VALUES(9,'Emanuel','emanuel@example.com','$2a$12$E4Tnzgxre4HQXRAxzpOXYugUO1yN4GZmnGAt21foQOtmlpXGsWlw2',0,'2024-10-09 12:30:05.175336','2024-10-09 12:30:05.175336');
INSERT INTO users VALUES(10,'Jan (Laurins Clique)','jan_laurin@example.com','$2a$12$UsiQVaNw1R3lF9dY6T61fuDquLSiVZ4ZVvT00PGyMqmbSV5CiRGj.',0,'2024-10-09 12:30:20.617750','2024-10-09 12:30:20.617750');
INSERT INTO users VALUES(11,'Thore','thore@example.com','$2a$12$MkhTpTGyK9sPtcSTpQ3sJuXK26LONPWv.A04bSFosht4/HqP7puKa',0,'2024-10-09 12:30:29.449242','2024-10-09 12:30:29.449242');
INSERT INTO users VALUES(12,'Fynn','fynn@example.com','$2a$12$lkPVTXSxpl1PWPDBB9RRrulUf0zEgc9/Wx0JwOnOolVAESw8oxCAS',0,'2024-10-09 12:30:39.335913','2024-10-09 12:30:39.335913');
INSERT INTO users VALUES(13,'Marcel','marcel@example.com','$2a$12$NhSop/gVg891X1O61CkPpu.0Wvtt0ciw.sn13nK.wQ148zDkcMhQ6',0,'2024-10-09 12:30:46.808194','2024-10-09 12:30:46.808194');
INSERT INTO users VALUES(14,'Max','max@example.com','$2a$12$5WdQ/1W5kJdJFrbISnXKyOnlleK69fU2cL5Pi1qIazSdoldPuHYZq',0,'2024-10-09 12:31:05.093772','2024-10-09 12:31:05.093772');
INSERT INTO users VALUES(15,'Bernhard','bernhard@example.com','$2a$12$1GEN.QxCLaSRPTyvDjTo7.q/m2muyVT0T3f7wZ3GFOsOs1IX31Ilq',0,'2024-10-09 12:31:13.581767','2024-10-09 12:31:13.581767');
INSERT INTO users VALUES(16,'Matti','matti@example.com','$2a$12$8raBR0it1PR7a0wPxRhrGuv9y6LqWRdAOJSdPWYEvEUutF1etCS5y',0,'2024-10-09 12:31:22.151496','2024-10-09 12:31:22.151496');
INSERT INTO users VALUES(17,'Lukas','lukas@example.com','$2a$12$HWZm5jAmtcbCST4whBdtx.kRe.leE835Ihszl/Gx92WwZQMAzZosa',0,'2024-10-09 12:31:34.756464','2024-10-09 12:31:34.756464');
INSERT INTO users VALUES(18,'Jetzki','jetzki@example.com','$2a$12$t81cnnHYDs4dJV/gPwZaYOYMSSNO9qT4.j1fmtWhJOv8DFrqDc2ey',0,'2024-10-09 12:31:45.512451','2024-10-16 15:23:53.904657');
INSERT INTO users VALUES(19,'Jan (Moritz Clique)','jan_moritz@example.com','$2a$12$oPs88O1VzLyUMBWIPRiYwORCjMbXgJXu48ZazqUuEYQ0p0Acm0X7O',0,'2024-10-09 12:31:59.474647','2024-10-09 12:31:59.474647');
INSERT INTO users VALUES(20,'Paul','paul@example.com','$2a$12$RSvADt6HF7Ggn8oPx36o2ezy0ZI7Vx.hsaqPmrK6dU6yXRioSuUFW',0,'2024-10-09 12:32:09.553588','2024-10-09 12:32:09.553588');
INSERT INTO users VALUES(21,'Online 1','online1@example.com','$2a$12$Nz46KqrfnRr4JrqFtActGOsS5PMMW4ivi7IcXv4qpPl8dJ3MryO86',0,'2024-10-14 18:56:40.385041','2024-10-14 18:56:40.385041');
INSERT INTO users VALUES(22,'Online 2','online2@example.com','$2a$12$k/CYTHKqhKDVs6qu1sSWAO6UgTDflYJgZ.cryHAA0ZulDfNKkUWDe',0,'2024-10-14 19:04:33.203716','2024-10-14 19:04:33.203716');
INSERT INTO users VALUES(23,'Online 3','online3@example.com','$2a$12$1Ty5hCPPKh/f6TIlCCUcKuBXcS0wJSRrxq7J2X4vEbdWCfPYLU/VO',0,'2024-10-14 19:04:54.438412','2024-10-14 19:04:54.438412');
INSERT INTO users VALUES(24,'Online 4','online4@example.com','$2a$12$P8QnDEq1xc2hGDRvSm51gOWZbvrQZPwRziD382vl8ezDjgKnsBBzy',0,'2024-10-14 19:05:34.498513','2024-10-14 19:05:34.498513');
CREATE TABLE IF NOT EXISTS "boards" ("id" integer PRIMARY KEY AUTOINCREMENT NOT NULL, "name" varchar NOT NULL, "extension_id" integer NOT NULL, "created_at" datetime(6) NOT NULL, "updated_at" datetime(6) NOT NULL, CONSTRAINT "fk_rails_b47d0b1a26"
FOREIGN KEY ("extension_id")
  REFERENCES "extensions" ("id")
);
INSERT INTO boards VALUES(1,'Tharsis',1,'2024-10-09 12:12:10.189038','2024-10-09 12:12:10.189038');
INSERT INTO boards VALUES(2,'Hellas',4,'2024-10-09 12:12:10.224572','2024-10-09 12:12:10.224572');
INSERT INTO boards VALUES(3,'Elysium',4,'2024-10-09 12:12:10.226140','2024-10-09 12:12:10.226140');
INSERT INTO boards VALUES(4,'Utopia',13,'2024-10-18 21:19:27.153204','2024-10-18 21:19:27.153204');
INSERT INTO boards VALUES(5,'Cimmeria',13,'2024-10-18 21:19:27.161664','2024-10-18 21:19:27.161664');
INSERT INTO boards VALUES(6,'Amazonis',14,'2024-10-18 21:19:27.169133','2024-10-18 21:19:27.169133');
INSERT INTO boards VALUES(7,'Vastitas',14,'2024-10-18 21:19:27.173938','2024-10-18 21:19:27.173938');
CREATE TABLE IF NOT EXISTS "corporations" ("id" integer PRIMARY KEY AUTOINCREMENT NOT NULL, "name" varchar NOT NULL, "extension_id" integer NOT NULL, "created_at" datetime(6) NOT NULL, "updated_at" datetime(6) NOT NULL, CONSTRAINT "fk_rails_6e041f4b35"
FOREIGN KEY ("extension_id")
  REFERENCES "extensions" ("id")
);
INSERT INTO corporations VALUES(1,'Credicor',1,'2024-10-09 12:12:10.195762','2024-10-09 12:12:10.195762');
INSERT INTO corporations VALUES(2,'Ecoline',1,'2024-10-09 12:12:10.197415','2024-10-09 12:12:10.197415');
INSERT INTO corporations VALUES(3,'Helion',1,'2024-10-09 12:12:10.198749','2024-10-09 12:12:10.198749');
INSERT INTO corporations VALUES(4,'Mining Guild',1,'2024-10-09 12:12:10.200059','2024-10-09 12:12:10.200059');
INSERT INTO corporations VALUES(5,'Interplanetary Cinematics',1,'2024-10-09 12:12:10.201413','2024-10-09 12:12:10.201413');
INSERT INTO corporations VALUES(6,'Inventrix',1,'2024-10-09 12:12:10.202807','2024-10-09 12:12:10.202807');
INSERT INTO corporations VALUES(7,'Phobolog',1,'2024-10-09 12:12:10.204211','2024-10-09 12:12:10.204211');
INSERT INTO corporations VALUES(8,'Tharsis Republic',1,'2024-10-09 12:12:10.205866','2024-10-09 12:12:10.205866');
INSERT INTO corporations VALUES(9,'Thorgate',1,'2024-10-09 12:12:10.207307','2024-10-09 12:12:10.207307');
INSERT INTO corporations VALUES(10,'United Nations Mars Initiative',1,'2024-10-09 12:12:10.208994','2024-10-09 12:12:10.208994');
INSERT INTO corporations VALUES(11,'Teractor',2,'2024-10-09 12:12:10.212422','2024-10-09 12:12:10.212422');
INSERT INTO corporations VALUES(12,'Saturn Systems',2,'2024-10-09 12:12:10.213944','2024-10-09 12:12:10.213944');
INSERT INTO corporations VALUES(13,'Cheung Shing Mars',3,'2024-10-09 12:12:10.216581','2024-10-09 12:12:10.216581');
INSERT INTO corporations VALUES(14,'Point Luna',3,'2024-10-09 12:12:10.217924','2024-10-09 12:12:10.217924');
INSERT INTO corporations VALUES(15,'Robinson Industries',3,'2024-10-09 12:12:10.219151','2024-10-09 12:12:10.219151');
INSERT INTO corporations VALUES(16,'Valley Trust',3,'2024-10-09 12:12:10.220613','2024-10-09 12:12:10.220613');
INSERT INTO corporations VALUES(17,'Vitor',3,'2024-10-09 12:12:10.221914','2024-10-09 12:12:10.221914');
INSERT INTO corporations VALUES(18,'Aphrodite',5,'2024-10-09 12:12:10.228816','2024-10-09 12:12:10.228816');
INSERT INTO corporations VALUES(19,'Celestic',1,'2024-10-09 12:12:10.235283','2024-10-09 12:12:10.235283');
INSERT INTO corporations VALUES(20,'Manutech',1,'2024-10-09 12:12:10.236845','2024-10-09 12:12:10.236845');
INSERT INTO corporations VALUES(21,'Morning Star Inc.',1,'2024-10-09 12:12:10.238266','2024-10-09 12:12:10.238266');
INSERT INTO corporations VALUES(22,'Viron',1,'2024-10-09 12:12:10.239793','2024-10-09 12:12:10.239793');
INSERT INTO corporations VALUES(23,'Aridor',6,'2024-10-09 12:12:10.242739','2024-10-09 12:12:10.242739');
INSERT INTO corporations VALUES(24,'Arklight',6,'2024-10-09 12:12:10.243998','2024-10-09 12:12:10.243998');
INSERT INTO corporations VALUES(25,'Polyphemos',6,'2024-10-09 12:12:10.245370','2024-10-09 12:12:10.245370');
INSERT INTO corporations VALUES(26,'Poseidon',6,'2024-10-09 12:12:10.246975','2024-10-09 12:12:10.246975');
INSERT INTO corporations VALUES(27,'Stormcraft',6,'2024-10-09 12:12:10.248279','2024-10-09 12:12:10.248279');
INSERT INTO corporations VALUES(28,'Lakefront Resorts',7,'2024-10-09 12:12:10.250853','2024-10-09 12:12:10.250853');
INSERT INTO corporations VALUES(29,'Pristar',7,'2024-10-09 12:12:10.252388','2024-10-09 12:12:10.252388');
INSERT INTO corporations VALUES(30,'Septem Tribus',7,'2024-10-09 12:12:10.253688','2024-10-09 12:12:10.253688');
INSERT INTO corporations VALUES(31,'Terralabs Research',7,'2024-10-09 12:12:10.255076','2024-10-09 12:12:10.255076');
INSERT INTO corporations VALUES(32,'Utopia Inveset',7,'2024-10-09 12:12:10.256421','2024-10-09 12:12:10.256421');
INSERT INTO corporations VALUES(33,'Factorum',8,'2024-10-09 12:12:10.259058','2024-10-09 12:12:10.259058');
INSERT INTO corporations VALUES(34,'Mons Insurance',8,'2024-10-09 12:12:10.260434','2024-10-09 12:12:10.260434');
INSERT INTO corporations VALUES(35,'Philares',8,'2024-10-09 12:12:10.261840','2024-10-09 12:12:10.261840');
INSERT INTO corporations VALUES(36,'Arcadian Communities',9,'2024-10-09 12:12:10.264527','2024-10-09 12:12:10.264527');
INSERT INTO corporations VALUES(37,'Splice',9,'2024-10-09 12:12:10.266013','2024-10-09 12:12:10.266013');
INSERT INTO corporations VALUES(38,'Recyclon',9,'2024-10-09 12:12:10.267257','2024-10-09 12:12:10.267257');
INSERT INTO corporations VALUES(39,'Nirgal Enterprises',10,'2024-10-18 21:19:27.115448','2024-10-18 21:19:27.115448');
INSERT INTO corporations VALUES(40,'Palladin Shipping',10,'2024-10-18 21:19:27.117076','2024-10-18 21:19:27.117076');
INSERT INTO corporations VALUES(41,'Sagitta Frontier Service',10,'2024-10-18 21:19:27.118365','2024-10-18 21:19:27.118365');
INSERT INTO corporations VALUES(42,'Ecotec',10,'2024-10-18 21:19:27.120253','2024-10-18 21:19:27.120253');
INSERT INTO corporations VALUES(43,'Spire',10,'2024-10-18 21:19:27.121872','2024-10-18 21:19:27.121872');
INSERT INTO corporations VALUES(44,'Pharmacy Union',11,'2024-10-18 21:19:27.129981','2024-10-18 21:19:27.129981');
INSERT INTO corporations VALUES(45,'Astrodrill',11,'2024-10-18 21:19:27.134491','2024-10-18 21:19:27.134491');
INSERT INTO corporations VALUES(46,'Kuiper Cooperative',12,'2024-10-18 21:19:27.141275','2024-10-18 21:19:27.141275');
INSERT INTO corporations VALUES(47,'Tycho Magnetics',12,'2024-10-18 21:19:27.145848','2024-10-18 21:19:27.145848');
CREATE TABLE IF NOT EXISTS "games" ("id" integer PRIMARY KEY AUTOINCREMENT NOT NULL, "date" date NOT NULL, "num_generations" integer, "board_id" integer NOT NULL, "created_at" datetime(6) NOT NULL, "updated_at" datetime(6) NOT NULL, CONSTRAINT "fk_rails_6594f40955"
FOREIGN KEY ("board_id")
  REFERENCES "boards" ("id")
);
INSERT INTO games VALUES(1,'2023-04-22',NULL,2,'2024-10-09 13:04:04.028839','2024-10-09 13:04:04.028839');
INSERT INTO games VALUES(2,'2023-04-23',NULL,3,'2024-10-09 13:06:20.249109','2024-10-09 13:06:20.249109');
INSERT INTO games VALUES(3,'2023-04-29',NULL,2,'2024-10-09 13:08:14.147450','2024-10-09 13:08:55.031335');
INSERT INTO games VALUES(4,'2023-05-08',NULL,3,'2024-10-09 13:13:04.304606','2024-10-09 13:13:04.304606');
INSERT INTO games VALUES(5,'2023-06-10',NULL,3,'2024-10-09 13:14:01.405881','2024-10-09 13:14:01.405881');
INSERT INTO games VALUES(6,'2023-06-10',NULL,2,'2024-10-09 13:15:08.645776','2024-10-09 13:15:08.645776');
INSERT INTO games VALUES(7,'2023-06-17',NULL,3,'2024-10-09 13:16:51.641999','2024-10-09 13:16:51.641999');
INSERT INTO games VALUES(8,'2023-07-09',NULL,1,'2024-10-09 13:18:12.690370','2024-10-09 13:18:12.690370');
INSERT INTO games VALUES(9,'2023-07-14',NULL,1,'2024-10-09 13:19:19.330529','2024-10-09 13:19:19.330529');
INSERT INTO games VALUES(10,'2023-07-15',NULL,1,'2024-10-09 13:23:20.122771','2024-10-09 13:23:20.122771');
INSERT INTO games VALUES(11,'2023-09-22',NULL,1,'2024-10-09 13:23:54.459403','2024-10-09 13:23:54.459403');
INSERT INTO games VALUES(12,'2023-09-23',NULL,1,'2024-10-09 13:24:38.091575','2024-10-09 13:24:38.091575');
INSERT INTO games VALUES(13,'2023-10-14',NULL,3,'2024-10-09 13:36:45.326326','2024-10-09 13:36:45.326326');
INSERT INTO games VALUES(14,'2023-12-24',NULL,2,'2024-10-09 13:37:44.520980','2024-10-09 13:37:44.520980');
INSERT INTO games VALUES(15,'2024-01-07',NULL,3,'2024-10-09 14:20:26.981024','2024-10-09 14:20:36.735881');
INSERT INTO games VALUES(16,'2024-02-17',NULL,2,'2024-10-09 14:21:13.174968','2024-10-09 14:21:13.174968');
INSERT INTO games VALUES(17,'2024-02-25',NULL,2,'2024-10-09 14:21:56.720715','2024-10-09 14:21:56.720715');
INSERT INTO games VALUES(18,'2024-03-25',NULL,1,'2024-10-09 14:22:45.841936','2024-10-09 14:22:45.841936');
INSERT INTO games VALUES(19,'2024-04-27',NULL,2,'2024-10-09 14:23:17.218566','2024-10-09 14:23:17.218566');
INSERT INTO games VALUES(20,'2024-05-01',NULL,1,'2024-10-09 14:23:58.136360','2024-10-09 14:23:58.136360');
INSERT INTO games VALUES(21,'2024-05-13',NULL,1,'2024-10-09 14:24:36.216551','2024-10-09 14:24:36.216551');
INSERT INTO games VALUES(22,'2024-05-23',NULL,1,'2024-10-09 14:25:10.214973','2024-10-09 14:25:10.214973');
INSERT INTO games VALUES(23,'2024-05-27',NULL,1,'2024-10-09 14:25:33.512144','2024-10-09 14:25:33.512144');
INSERT INTO games VALUES(24,'2024-05-31',NULL,1,'2024-10-09 14:26:06.747490','2024-10-09 14:26:06.747490');
INSERT INTO games VALUES(25,'2024-06-03',NULL,3,'2024-10-09 14:26:54.513763','2024-10-09 14:26:54.513763');
INSERT INTO games VALUES(26,'2024-06-07',10,1,'2024-10-09 14:32:30.753919','2024-10-09 14:32:44.076743');
INSERT INTO games VALUES(27,'2024-07-25',NULL,3,'2024-10-09 14:33:35.611699','2024-10-09 14:33:35.611699');
INSERT INTO games VALUES(28,'2024-07-26',NULL,2,'2024-10-09 14:34:15.516070','2024-10-09 14:34:15.516070');
INSERT INTO games VALUES(29,'2024-08-18',NULL,2,'2024-10-09 14:35:03.673371','2024-10-09 14:35:03.673371');
INSERT INTO games VALUES(30,'2024-08-22',NULL,3,'2024-10-09 14:35:41.961841','2024-10-09 14:35:41.961841');
INSERT INTO games VALUES(31,'2024-09-02',NULL,2,'2024-10-09 14:36:03.864659','2024-10-09 14:36:03.864659');
INSERT INTO games VALUES(32,'2024-09-06',NULL,3,'2024-10-09 14:36:38.493357','2024-10-09 14:36:38.493357');
INSERT INTO games VALUES(33,'2024-09-08',NULL,3,'2024-10-09 14:37:06.319409','2024-10-09 14:37:06.319409');
INSERT INTO games VALUES(34,'2024-09-10',NULL,2,'2024-10-09 14:37:30.920263','2024-10-09 14:37:30.920263');
INSERT INTO games VALUES(35,'2024-09-19',NULL,1,'2024-10-09 14:38:00.788637','2024-10-09 14:38:00.788637');
INSERT INTO games VALUES(36,'2024-10-02',NULL,1,'2024-10-09 14:38:40.358736','2024-10-09 14:38:40.358736');
INSERT INTO games VALUES(37,'2024-10-07',6,3,'2024-10-09 14:39:36.206816','2024-10-09 14:39:36.206816');
INSERT INTO games VALUES(38,'2024-10-14',10,1,'2024-10-14 18:58:28.335789','2024-10-14 18:58:28.335789');
INSERT INTO games VALUES(39,'2024-09-26',NULL,2,'2024-10-17 12:29:35.973044','2024-10-17 12:29:35.973044');
INSERT INTO games VALUES(40,'2024-10-17',9,2,'2024-10-17 19:04:21.133808','2024-10-17 19:04:21.133808');
INSERT INTO games VALUES(42,'2024-10-19',7,7,'2024-10-19 17:54:21.673131','2024-10-19 17:54:21.673131');
CREATE TABLE IF NOT EXISTS "sessions" ("id" integer PRIMARY KEY AUTOINCREMENT NOT NULL, "ip_address" varchar, "user_agent" varchar, "user_id" integer NOT NULL, "created_at" datetime(6) NOT NULL, "updated_at" datetime(6) NOT NULL, CONSTRAINT "fk_rails_758836b4f0"
FOREIGN KEY ("user_id")
  REFERENCES "users" ("id")
);
INSERT INTO sessions VALUES(5,'172.26.0.1','Mozilla/5.0 (Linux; Android 10; K) AppleWebKit/537.36 (KHTML, like Gecko) Chrome/129.0.0.0 Mobile Safari/537.36',4,'2024-10-09 12:30:56.607401','2024-10-09 12:30:56.607401');
INSERT INTO sessions VALUES(8,'172.26.0.1','Mozilla/5.0 (Android 14; Mobile; rv:131.0) Gecko/131.0 Firefox/131.0',1,'2024-10-09 13:30:09.678581','2024-10-09 13:30:09.678581');
INSERT INTO sessions VALUES(9,'172.26.0.1','Mozilla/5.0 (Windows NT 10.0; Win64; x64) AppleWebKit/537.36 (KHTML, like Gecko) Chrome/129.0.0.0 Safari/537.36',4,'2024-10-10 08:23:59.460348','2024-10-10 08:23:59.460348');
INSERT INTO sessions VALUES(10,'172.26.0.1','Mozilla/5.0 (X11; Linux x86_64; rv:131.0) Gecko/20100101 Firefox/131.0',2,'2024-10-10 10:50:09.656330','2024-10-10 10:50:09.656330');
INSERT INTO sessions VALUES(12,'172.26.0.1','Mozilla/5.0 (iPhone; CPU iPhone OS 17_6_1 like Mac OS X) AppleWebKit/605.1.15 (KHTML, like Gecko) Version/17.6 Mobile/15E148 Safari/604.1',3,'2024-10-13 10:19:21.517026','2024-10-13 10:19:21.517026');
INSERT INTO sessions VALUES(13,'172.26.0.1','Mozilla/5.0 (Android 13; Mobile; rv:131.0) Gecko/131.0 Firefox/131.0',2,'2024-10-14 18:56:36.810521','2024-10-14 18:56:36.810521');
INSERT INTO sessions VALUES(14,'172.26.0.1','Mozilla/5.0 (Linux; Android 10; K) AppleWebKit/537.36 (KHTML, like Gecko) Chrome/129.0.0.0 Mobile Safari/537.36',5,'2024-10-14 19:00:12.396823','2024-10-14 19:00:12.396823');
INSERT INTO sessions VALUES(15,'172.26.0.1','Mozilla/5.0 (X11; Linux x86_64; rv:131.0) Gecko/20100101 Firefox/131.0',1,'2024-10-15 08:37:59.192038','2024-10-15 08:37:59.192038');
INSERT INTO sessions VALUES(16,'172.26.0.1','Mozilla/5.0 (X11; Linux x86_64; rv:131.0) Gecko/20100101 Firefox/131.0',1,'2024-10-15 08:38:17.866749','2024-10-15 08:38:17.866749');
INSERT INTO sessions VALUES(17,'172.26.0.1','Mozilla/5.0 (Android 14; Mobile; rv:131.0) Gecko/131.0 Firefox/131.0',1,'2024-10-15 14:57:50.799045','2024-10-15 14:57:50.799045');
INSERT INTO sessions VALUES(18,'172.26.0.1','Mozilla/5.0 (X11; Linux x86_64; rv:131.0) Gecko/20100101 Firefox/131.0',1,'2024-10-16 11:02:29.490283','2024-10-16 11:02:29.490283');
INSERT INTO sessions VALUES(19,'172.26.0.1','Mozilla/5.0 (Linux; Android 10; K) AppleWebKit/537.36 (KHTML, like Gecko) Chrome/129.0.0.0 Mobile Safari/537.36',4,'2024-10-16 15:20:58.993312','2024-10-16 15:20:58.993312');
INSERT INTO sessions VALUES(20,'172.26.0.1','Mozilla/5.0 (Linux; Android 10; K) AppleWebKit/537.36 (KHTML, like Gecko) Chrome/129.0.0.0 Mobile Safari/537.36',18,'2024-10-16 15:23:18.859283','2024-10-16 15:23:18.859283');
INSERT INTO sessions VALUES(24,'172.26.0.1','Mozilla/5.0 (Macintosh; Intel Mac OS X 10_15_6) AppleWebKit/605.1.15 (KHTML, like Gecko) Version/15.6.6 Safari/605.1.15',3,'2024-10-18 10:44:43.351114','2024-10-18 10:44:43.351114');
INSERT INTO sessions VALUES(26,'172.26.0.1','Mozilla/5.0 (Linux; Android 10; K) AppleWebKit/537.36 (KHTML, like Gecko) Chrome/130.0.0.0 Mobile Safari/537.36',5,'2024-10-18 16:31:01.608805','2024-10-18 16:31:01.608805');
INSERT INTO sessions VALUES(27,'172.26.0.1','Mozilla/5.0 (iPhone; CPU iPhone OS 17_6_1 like Mac OS X) AppleWebKit/605.1.15 (KHTML, like Gecko) Version/17.6 Mobile/15E148 Safari/604.1',3,'2024-10-18 19:46:48.327119','2024-10-18 19:46:48.327119');
INSERT INTO sessions VALUES(28,'172.26.0.1','Mozilla/5.0 (Android 14; Mobile; rv:131.0) Gecko/131.0 Firefox/131.0',1,'2024-10-18 20:58:44.895430','2024-10-18 20:58:44.895430');
INSERT INTO sessions VALUES(29,'172.26.0.1','Mozilla/5.0 (Linux; Android 10; K) AppleWebKit/537.36 (KHTML, like Gecko) Chrome/130.0.0.0 Mobile Safari/537.36',1,'2024-10-18 21:01:07.534928','2024-10-18 21:01:07.534928');
INSERT INTO sessions VALUES(31,'172.26.0.1','Mozilla/5.0 (Android 13; Mobile; rv:131.0) Gecko/131.0 Firefox/131.0',2,'2024-10-19 07:41:51.642828','2024-10-19 07:41:51.642828');
INSERT INTO sessions VALUES(32,'172.26.0.1','Mozilla/5.0 (iPhone; CPU iPhone OS 17_5_1 like Mac OS X) AppleWebKit/605.1.15 (KHTML, like Gecko) Version/17.5 Mobile/15E148 Safari/604.1',6,'2024-10-19 09:03:20.872622','2024-10-19 09:03:20.872622');
CREATE TABLE IF NOT EXISTS "schema_migrations" ("version" varchar NOT NULL PRIMARY KEY);
INSERT INTO schema_migrations VALUES('20241009110421');
INSERT INTO schema_migrations VALUES('20241006101948');
INSERT INTO schema_migrations VALUES('20241006101947');
INSERT INTO schema_migrations VALUES('20241006101946');
INSERT INTO schema_migrations VALUES('20241006101945');
INSERT INTO schema_migrations VALUES('20241006101944');
INSERT INTO schema_migrations VALUES('20241006101943');
INSERT INTO schema_migrations VALUES('20241006101942');
INSERT INTO schema_migrations VALUES('20241006101941');
INSERT INTO schema_migrations VALUES('20241010105801');
INSERT INTO schema_migrations VALUES('20241018095347');
CREATE TABLE IF NOT EXISTS "ar_internal_metadata" ("key" varchar NOT NULL PRIMARY KEY, "value" varchar, "created_at" datetime(6) NOT NULL, "updated_at" datetime(6) NOT NULL);
INSERT INTO ar_internal_metadata VALUES('environment','production','2024-10-09 12:12:10.005715','2024-10-09 12:12:10.005718');
INSERT INTO ar_internal_metadata VALUES('schema_sha1','4298aa732781e96a33b7b224e3f7d9fd3c750696','2024-10-09 12:12:10.006579','2024-10-09 12:12:10.006582');
CREATE TABLE IF NOT EXISTS "players" ("id" integer PRIMARY KEY AUTOINCREMENT NOT NULL, "victory_points" integer NOT NULL, "user_id" integer NOT NULL, "game_id" integer NOT NULL, "corporation_id" integer, "created_at" datetime(6) NOT NULL, "updated_at" datetime(6) NOT NULL, "rank" integer, CONSTRAINT "fk_rails_224cac07ce"
FOREIGN KEY ("user_id")
  REFERENCES "users" ("id")
, CONSTRAINT "fk_rails_bdb42581f2"
FOREIGN KEY ("corporation_id")
  REFERENCES "corporations" ("id")
, CONSTRAINT "fk_rails_d71756309d"
FOREIGN KEY ("game_id")
  REFERENCES "games" ("id")
);
INSERT INTO players VALUES(1,103,1,1,NULL,'2024-10-09 13:04:04.032347','2024-10-10 11:05:27.251974',2);
INSERT INTO players VALUES(2,102,4,1,NULL,'2024-10-09 13:04:04.033042','2024-10-10 11:05:27.253331',3);
INSERT INTO players VALUES(3,112,2,1,NULL,'2024-10-09 13:04:04.033602','2024-10-10 11:05:27.254101',1);
INSERT INTO players VALUES(4,114,2,2,NULL,'2024-10-09 13:06:20.252663','2024-10-10 11:04:55.812752',1);
INSERT INTO players VALUES(5,85,10,2,NULL,'2024-10-09 13:06:20.253449','2024-10-10 11:05:44.434199',3);
INSERT INTO players VALUES(6,69,12,2,NULL,'2024-10-09 13:06:20.254056','2024-10-10 11:05:44.435265',4);
INSERT INTO players VALUES(7,90,11,2,NULL,'2024-10-09 13:06:20.254637','2024-10-10 11:05:44.435925',2);
INSERT INTO players VALUES(8,94,2,3,NULL,'2024-10-09 13:08:14.150798','2024-10-10 11:04:55.815491',1);
INSERT INTO players VALUES(9,71,12,3,NULL,'2024-10-09 13:08:14.151626','2024-10-10 11:04:55.816081',2);
INSERT INTO players VALUES(10,61,13,3,NULL,'2024-10-09 13:08:14.152230','2024-10-10 11:04:55.816684',3);
INSERT INTO players VALUES(11,61,10,3,NULL,'2024-10-09 13:08:14.152863','2024-10-10 11:04:55.817483',4);
INSERT INTO players VALUES(12,58,1,3,NULL,'2024-10-09 13:08:14.153477','2024-10-10 11:04:55.818093',5);
INSERT INTO players VALUES(13,104,4,4,NULL,'2024-10-09 13:13:04.308323','2024-10-10 11:06:12.312958',2);
INSERT INTO players VALUES(14,123,1,4,NULL,'2024-10-09 13:13:04.308939','2024-10-10 11:06:12.314096',1);
INSERT INTO players VALUES(15,75,14,5,NULL,'2024-10-09 13:14:01.408031','2024-10-10 11:04:55.820762',1);
INSERT INTO players VALUES(16,68,15,5,NULL,'2024-10-09 13:14:01.408535','2024-10-10 11:04:55.821294',2);
INSERT INTO players VALUES(17,68,2,5,NULL,'2024-10-09 13:14:01.409050','2024-10-10 11:04:55.821797',3);
INSERT INTO players VALUES(18,68,1,5,NULL,'2024-10-09 13:14:01.409499','2024-10-10 11:04:55.822263',4);
INSERT INTO players VALUES(19,63,5,5,NULL,'2024-10-09 13:14:01.409980','2024-10-10 11:04:55.822753',5);
INSERT INTO players VALUES(20,100,14,6,NULL,'2024-10-09 13:15:08.649570','2024-10-10 11:04:55.824228',1);
INSERT INTO players VALUES(21,92,5,6,NULL,'2024-10-09 13:15:08.652713','2024-10-10 11:06:23.159080',3);
INSERT INTO players VALUES(22,95,1,6,NULL,'2024-10-09 13:15:08.653924','2024-10-10 11:06:23.159987',2);
INSERT INTO players VALUES(23,87,2,6,NULL,'2024-10-09 13:15:08.654606','2024-10-10 11:04:55.825742',4);
INSERT INTO players VALUES(24,122,2,7,NULL,'2024-10-09 13:16:51.644701','2024-10-10 11:04:55.826676',1);
INSERT INTO players VALUES(25,118,11,7,NULL,'2024-10-09 13:16:51.645240','2024-10-10 11:04:55.827147',2);
INSERT INTO players VALUES(26,115,12,7,NULL,'2024-10-09 13:16:51.645677','2024-10-10 11:04:55.827717',3);
INSERT INTO players VALUES(27,93,2,8,NULL,'2024-10-09 13:18:12.693575','2024-10-10 11:04:55.828691',1);
INSERT INTO players VALUES(28,89,1,8,NULL,'2024-10-09 13:18:12.694359','2024-10-10 11:04:55.829174',2);
INSERT INTO players VALUES(29,88,3,8,NULL,'2024-10-09 13:18:12.695005','2024-10-10 11:04:55.829746',3);
INSERT INTO players VALUES(30,73,2,9,NULL,'2024-10-09 13:19:19.332732','2024-10-10 11:06:48.055600',2);
INSERT INTO players VALUES(31,78,5,9,NULL,'2024-10-09 13:19:19.333270','2024-10-10 11:06:48.056640',1);
INSERT INTO players VALUES(32,65,14,9,NULL,'2024-10-09 13:19:19.333794','2024-10-10 11:04:55.832153',3);
INSERT INTO players VALUES(33,57,1,9,NULL,'2024-10-09 13:19:19.334312','2024-10-10 11:04:55.832678',4);
INSERT INTO players VALUES(34,119,1,10,NULL,'2024-10-09 13:23:20.124403','2024-10-10 11:04:55.833733',1);
INSERT INTO players VALUES(35,117,2,10,NULL,'2024-10-09 13:23:20.124859','2024-10-10 11:04:55.834302',2);
INSERT INTO players VALUES(36,101,3,11,NULL,'2024-10-09 13:23:54.461996','2024-10-10 11:06:57.689801',3);
INSERT INTO players VALUES(37,109,4,11,NULL,'2024-10-09 13:23:54.462643','2024-10-10 11:04:55.835824',2);
INSERT INTO players VALUES(38,120,1,11,NULL,'2024-10-09 13:23:54.463266','2024-10-10 11:06:57.690605',1);
INSERT INTO players VALUES(39,59,1,12,NULL,'2024-10-09 13:24:38.093205','2024-10-10 11:07:16.275314',5);
INSERT INTO players VALUES(40,69,2,12,NULL,'2024-10-09 13:24:38.093766','2024-10-10 11:07:16.276152',3);
INSERT INTO players VALUES(41,64,7,12,NULL,'2024-10-09 13:24:38.094257','2024-10-10 11:07:16.276795',4);
INSERT INTO players VALUES(42,71,5,12,NULL,'2024-10-09 13:24:38.094672','2024-10-10 11:07:16.277460',1);
INSERT INTO players VALUES(43,70,14,12,NULL,'2024-10-09 13:24:38.095191','2024-10-10 11:07:16.278108',2);
INSERT INTO players VALUES(44,90,3,13,NULL,'2024-10-09 13:36:45.328817','2024-10-10 11:04:55.840999',1);
INSERT INTO players VALUES(45,88,5,13,NULL,'2024-10-09 13:36:45.329308','2024-10-10 11:04:55.841489',2);
INSERT INTO players VALUES(46,83,2,13,NULL,'2024-10-09 13:36:45.329817','2024-10-10 11:04:55.842080',3);
INSERT INTO players VALUES(47,81,1,13,NULL,'2024-10-09 13:36:45.330317','2024-10-10 11:04:55.842592',4);
INSERT INTO players VALUES(48,107,3,14,NULL,'2024-10-09 13:37:44.523047','2024-10-10 11:07:25.050882',2);
INSERT INTO players VALUES(49,112,1,14,NULL,'2024-10-09 13:37:44.523524','2024-10-10 11:07:25.051769',1);
INSERT INTO players VALUES(50,93,1,15,NULL,'2024-10-09 14:20:26.984411','2024-10-10 11:04:55.845168',1);
INSERT INTO players VALUES(51,84,4,15,NULL,'2024-10-09 14:20:26.985071','2024-10-10 11:04:55.845650',2);
INSERT INTO players VALUES(52,76,16,15,NULL,'2024-10-09 14:20:26.985576','2024-10-10 11:07:36.619152',4);
INSERT INTO players VALUES(53,81,3,15,NULL,'2024-10-09 14:20:26.986048','2024-10-10 11:07:36.619882',3);
INSERT INTO players VALUES(54,92,2,16,NULL,'2024-10-09 14:21:13.178660','2024-10-10 11:04:55.848492',1);
INSERT INTO players VALUES(55,91,8,16,NULL,'2024-10-09 14:21:13.179437','2024-10-10 11:04:55.849160',2);
INSERT INTO players VALUES(56,87,9,16,NULL,'2024-10-09 14:21:13.180096','2024-10-10 11:04:55.849678',3);
INSERT INTO players VALUES(57,87,1,16,NULL,'2024-10-09 14:21:13.180755','2024-10-10 11:04:55.850202',4);
INSERT INTO players VALUES(58,88,8,17,NULL,'2024-10-09 14:21:56.723438','2024-10-10 11:04:55.851516',1);
INSERT INTO players VALUES(59,83,9,17,NULL,'2024-10-09 14:21:56.724041','2024-10-10 11:04:55.852110',2);
INSERT INTO players VALUES(60,74,17,17,NULL,'2024-10-09 14:21:56.724556','2024-10-10 11:04:55.852651',3);
INSERT INTO players VALUES(61,83,17,18,NULL,'2024-10-09 14:22:45.844169','2024-10-10 11:04:55.854118',1);
INSERT INTO players VALUES(62,72,1,18,NULL,'2024-10-09 14:22:45.844863','2024-10-10 11:04:55.854767',2);
INSERT INTO players VALUES(63,70,8,18,NULL,'2024-10-09 14:22:45.845357','2024-10-10 11:04:55.855590',3);
INSERT INTO players VALUES(64,49,2,18,NULL,'2024-10-09 14:22:45.845915','2024-10-10 11:04:55.856251',4);
INSERT INTO players VALUES(65,46,9,18,NULL,'2024-10-09 14:22:45.846457','2024-10-10 11:04:55.856847',5);
INSERT INTO players VALUES(66,124,3,19,NULL,'2024-10-09 14:23:17.221082','2024-10-10 11:04:55.858428',1);
INSERT INTO players VALUES(67,119,16,19,NULL,'2024-10-09 14:23:17.221883','2024-10-10 11:04:55.859109',2);
INSERT INTO players VALUES(68,109,1,19,NULL,'2024-10-09 14:23:17.222461','2024-10-10 11:04:55.859707',3);
INSERT INTO players VALUES(69,66,18,20,NULL,'2024-10-09 14:23:58.138757','2024-10-10 11:08:04.136804',2);
INSERT INTO players VALUES(70,65,1,20,NULL,'2024-10-09 14:23:58.139389','2024-10-10 11:08:04.139189',3);
INSERT INTO players VALUES(71,60,6,20,NULL,'2024-10-09 14:23:58.139854','2024-10-10 11:08:04.139852',4);
INSERT INTO players VALUES(72,86,2,20,NULL,'2024-10-09 14:23:58.140377','2024-10-10 11:08:04.140371',1);
INSERT INTO players VALUES(73,54,18,21,NULL,'2024-10-09 14:24:36.219439','2024-10-10 11:08:24.866988',4);
INSERT INTO players VALUES(74,59,19,21,NULL,'2024-10-09 14:24:36.220285','2024-10-10 11:08:24.867717',3);
INSERT INTO players VALUES(75,67,6,21,NULL,'2024-10-09 14:24:36.221009','2024-10-10 11:08:24.868241',1);
INSERT INTO players VALUES(76,57,1,21,NULL,'2024-10-09 14:24:36.221768','2024-10-10 11:08:24.868784',2);
INSERT INTO players VALUES(77,85,6,22,NULL,'2024-10-09 14:25:10.217569','2024-10-10 11:04:55.876315',1);
INSERT INTO players VALUES(78,60,7,22,NULL,'2024-10-09 14:25:10.218321','2024-10-10 11:04:55.879001',2);
INSERT INTO players VALUES(79,51,1,22,NULL,'2024-10-09 14:25:10.218909','2024-10-10 11:04:55.881972',3);
INSERT INTO players VALUES(80,50,20,22,NULL,'2024-10-09 14:25:10.219503','2024-10-10 11:04:55.882776',4);
INSERT INTO players VALUES(81,131,1,23,NULL,'2024-10-09 14:25:33.514817','2024-10-10 11:08:33.109596',2);
INSERT INTO players VALUES(82,136,6,23,NULL,'2024-10-09 14:25:33.516299','2024-10-10 11:08:33.110948',1);
INSERT INTO players VALUES(83,96,4,24,NULL,'2024-10-09 14:26:06.749897','2024-10-10 11:04:55.892695',1);
INSERT INTO players VALUES(84,94,6,24,NULL,'2024-10-09 14:26:06.750501','2024-10-10 11:04:55.895294',2);
INSERT INTO players VALUES(85,73,18,24,NULL,'2024-10-09 14:26:06.751050','2024-10-10 11:04:55.896100',3);
INSERT INTO players VALUES(86,64,1,24,NULL,'2024-10-09 14:26:06.751673','2024-10-10 11:04:55.898646',4);
INSERT INTO players VALUES(87,93,3,25,NULL,'2024-10-09 14:26:54.516449','2024-10-10 11:04:55.904266',1);
INSERT INTO players VALUES(88,82,1,25,NULL,'2024-10-09 14:26:54.517154','2024-10-10 11:04:55.907824',2);
INSERT INTO players VALUES(89,82,2,25,NULL,'2024-10-09 14:26:54.517702','2024-10-10 11:04:55.910606',3);
INSERT INTO players VALUES(90,69,4,25,NULL,'2024-10-09 14:26:54.518417','2024-10-10 11:04:55.911470',4);
INSERT INTO players VALUES(91,63,3,26,NULL,'2024-10-09 14:32:30.756843','2024-10-10 11:08:44.911093',3);
INSERT INTO players VALUES(92,95,6,26,NULL,'2024-10-09 14:32:30.757466','2024-10-10 11:04:55.919259',2);
INSERT INTO players VALUES(93,106,1,26,NULL,'2024-10-09 14:32:30.757988','2024-10-10 11:08:44.912244',1);
INSERT INTO players VALUES(94,99,1,27,NULL,'2024-10-09 14:33:35.614704','2024-10-10 11:08:55.307611',3);
INSERT INTO players VALUES(95,122,6,27,NULL,'2024-10-09 14:33:35.615431','2024-10-10 11:08:55.308351',1);
INSERT INTO players VALUES(96,111,18,27,NULL,'2024-10-09 14:33:35.616064','2024-10-10 11:08:55.308925',2);
INSERT INTO players VALUES(97,82,1,28,NULL,'2024-10-09 14:34:15.518706','2024-10-10 11:09:02.822316',3);
INSERT INTO players VALUES(98,93,3,28,NULL,'2024-10-09 14:34:15.519344','2024-10-10 11:04:55.930548',2);
INSERT INTO players VALUES(99,100,4,28,NULL,'2024-10-09 14:34:15.519825','2024-10-10 11:09:02.823175',1);
INSERT INTO players VALUES(100,85,1,29,NULL,'2024-10-09 14:35:03.675891','2024-10-10 11:04:55.937187',1);
INSERT INTO players VALUES(101,76,3,29,NULL,'2024-10-09 14:35:03.676740','2024-10-10 11:04:55.939022',2);
INSERT INTO players VALUES(102,73,7,29,NULL,'2024-10-09 14:35:03.677310','2024-10-10 11:04:55.941734',3);
INSERT INTO players VALUES(103,90,1,30,NULL,'2024-10-09 14:35:41.966525','2024-10-10 11:09:11.136556',2);
INSERT INTO players VALUES(104,98,3,30,NULL,'2024-10-09 14:35:41.967161','2024-10-10 11:09:11.137473',1);
INSERT INTO players VALUES(105,125,1,31,NULL,'2024-10-09 14:36:03.866562','2024-10-10 11:04:55.945023',1);
INSERT INTO players VALUES(106,100,4,31,NULL,'2024-10-09 14:36:03.867176','2024-10-10 11:04:55.945568',2);
INSERT INTO players VALUES(107,95,4,32,NULL,'2024-10-09 14:36:38.496018','2024-10-10 11:04:55.946569',1);
INSERT INTO players VALUES(108,92,1,32,NULL,'2024-10-09 14:36:38.496737','2024-10-10 11:04:55.947086',2);
INSERT INTO players VALUES(109,58,3,32,NULL,'2024-10-09 14:36:38.497427','2024-10-10 11:04:55.947659',3);
INSERT INTO players VALUES(110,94,1,33,NULL,'2024-10-09 14:37:06.321864','2024-10-10 11:04:55.949195',1);
INSERT INTO players VALUES(111,80,9,33,NULL,'2024-10-09 14:37:06.322390','2024-10-10 11:04:55.949743',2);
INSERT INTO players VALUES(112,58,8,33,NULL,'2024-10-09 14:37:06.322906','2024-10-10 11:04:55.950235',3);
INSERT INTO players VALUES(113,69,1,34,NULL,'2024-10-09 14:37:30.922619','2024-10-10 11:09:25.079712',3);
INSERT INTO players VALUES(114,84,4,34,NULL,'2024-10-09 14:37:30.923234','2024-10-10 11:09:25.080626',1);
INSERT INTO players VALUES(115,80,5,34,NULL,'2024-10-09 14:37:30.923826','2024-10-10 11:09:25.081126',2);
INSERT INTO players VALUES(116,69,3,35,NULL,'2024-10-09 14:38:00.790358','2024-10-10 11:04:55.953311',1);
INSERT INTO players VALUES(117,68,5,35,NULL,'2024-10-09 14:38:00.790970','2024-10-10 11:04:55.953858',2);
INSERT INTO players VALUES(118,67,1,35,NULL,'2024-10-09 14:38:00.791475','2024-10-10 11:04:55.954347',3);
INSERT INTO players VALUES(119,65,6,35,NULL,'2024-10-09 14:38:00.791998','2024-10-10 11:04:55.955158',4);
INSERT INTO players VALUES(120,67,1,36,11,'2024-10-09 14:38:40.361353','2024-10-10 11:09:36.134952',3);
INSERT INTO players VALUES(121,69,3,36,12,'2024-10-09 14:38:40.362339','2024-10-10 11:04:55.956668',2);
INSERT INTO players VALUES(122,80,6,36,7,'2024-10-09 14:38:40.362993','2024-10-10 11:09:36.135799',1);
INSERT INTO players VALUES(123,56,3,37,36,'2024-10-09 14:39:36.213240','2024-10-10 11:09:56.226161',2);
INSERT INTO players VALUES(124,47,1,37,37,'2024-10-09 14:39:36.214363','2024-10-10 11:09:56.227163',5);
INSERT INTO players VALUES(125,48,2,37,33,'2024-10-09 14:39:36.215133','2024-10-10 11:09:56.227858',4);
INSERT INTO players VALUES(126,60,5,37,35,'2024-10-09 14:39:36.215933','2024-10-10 11:09:56.228568',1);
INSERT INTO players VALUES(127,54,6,37,13,'2024-10-09 14:39:36.216647','2024-10-10 11:09:56.229272',3);
INSERT INTO players VALUES(128,87,5,38,8,'2024-10-14 18:58:28.337793','2024-10-14 18:58:28.337793',1);
INSERT INTO players VALUES(129,85,6,38,15,'2024-10-14 18:58:28.338340','2024-10-14 18:58:28.338340',2);
INSERT INTO players VALUES(130,67,21,38,17,'2024-10-14 18:58:28.338802','2024-10-14 18:58:28.338802',3);
INSERT INTO players VALUES(131,91,4,39,NULL,'2024-10-17 12:29:35.975747','2024-10-17 12:29:35.975747',1);
INSERT INTO players VALUES(132,90,5,39,NULL,'2024-10-17 12:29:35.976300','2024-10-17 12:29:35.976300',2);
INSERT INTO players VALUES(133,87,2,39,NULL,'2024-10-17 12:29:35.976923','2024-10-17 12:29:35.976923',3);
INSERT INTO players VALUES(134,83,2,40,22,'2024-10-17 19:04:21.137446','2024-10-17 19:04:21.137446',1);
INSERT INTO players VALUES(135,72,6,40,3,'2024-10-17 19:04:21.138044','2024-10-17 19:04:21.138044',2);
INSERT INTO players VALUES(136,65,1,40,16,'2024-10-17 19:04:21.138509','2024-10-17 19:04:21.138509',3);
INSERT INTO players VALUES(137,64,18,40,17,'2024-10-17 19:04:21.139052','2024-10-17 19:04:21.139052',4);
INSERT INTO players VALUES(142,71,6,42,4,'2024-10-19 17:54:21.677832','2024-10-19 17:54:21.677832',1);
INSERT INTO players VALUES(143,70,2,42,10,'2024-10-19 17:54:21.678482','2024-10-19 17:54:21.678482',2);
INSERT INTO players VALUES(144,49,1,42,42,'2024-10-19 17:54:21.678939','2024-10-19 17:54:21.678939',3);
INSERT INTO players VALUES(145,48,3,42,38,'2024-10-19 17:54:21.679436','2024-10-19 17:54:21.679436',4);
CREATE TABLE IF NOT EXISTS "active_storage_blobs" ("id" integer PRIMARY KEY AUTOINCREMENT NOT NULL, "key" varchar NOT NULL, "filename" varchar NOT NULL, "content_type" varchar, "metadata" text, "service_name" varchar NOT NULL, "byte_size" bigint NOT NULL, "checksum" varchar, "created_at" datetime(6) NOT NULL);
INSERT INTO active_storage_blobs VALUES(1,'4u7phvmicxijy4px2dm7swv9nsuw','WhatsApp Image 2024-10-16 at 16.40.13.jpeg','image/jpeg','{"identified":true}','local',49296,'HcNdDo9f/LX1CGWL3Rs9cg==','2024-10-18 10:43:17.650422');
INSERT INTO active_storage_blobs VALUES(2,'r8j36qzb5v64p2wh6yxdimuj83yn','WhatsApp Image 2024-10-16 at 16.40.13.jpeg','image/jpeg','{"identified":true}','local',3090,'6BoEsF3CjXWuDhHTWtBsBw==','2024-10-18 10:43:18.325749');
INSERT INTO active_storage_blobs VALUES(3,'higcqufo0iinu4t40jwiroio6f6d','B2F9F478-25F1-4ABE-AD4C-D3C02BF1C0F7.jpeg','image/jpeg','{"identified":true}','local',70582,'J9BTnFKbG+uqxqW4mEsgqQ==','2024-10-18 10:48:32.504722');
INSERT INTO active_storage_blobs VALUES(4,'7lgobig5iqw7z6p9cx9pxnm5svb7','B2F9F478-25F1-4ABE-AD4C-D3C02BF1C0F7.jpeg','image/jpeg','{"identified":true}','local',11646,'YW9LwtTSk5gHiKzNxO4EiA==','2024-10-18 10:48:33.092522');
INSERT INTO active_storage_blobs VALUES(5,'mkzsgnb6vfovc8xmc7cpki0ixfrp','WhatsApp Image 2024-10-16 at 16.40.13.jpeg','image/jpeg','{"identified":true}','local',6290,'C9BriZZ2zWgL4FI+4Xi1bA==','2024-10-18 19:43:36.093217');
INSERT INTO active_storage_blobs VALUES(6,'d878yx7de6mxxxjq7vdw9817w2yy','B2F9F478-25F1-4ABE-AD4C-D3C02BF1C0F7.jpeg','image/jpeg','{"identified":true}','local',14716,'EdnbhD59h6yy0lTQ6x4aGA==','2024-10-18 19:44:42.143611');
INSERT INTO active_storage_blobs VALUES(7,'h63dgy0h5bwgr90k44jjlrvdcllu','IMG-20241018-WA0002.jpg','image/jpeg','{"identified":true}','local',90251,'Zvc1+e8mjxUqicIzJiKScg==','2024-10-18 19:45:26.249543');
INSERT INTO active_storage_blobs VALUES(8,'50glsomwchle0i6eoywxyttbly6t','IMG-20241018-WA0002.jpg','image/jpeg','{"identified":true}','local',4686,'RPEBwIK4WObF0TQL4Sh+tg==','2024-10-18 19:45:26.466778');
INSERT INTO active_storage_blobs VALUES(9,'gi5mk4ziovd26wafzn11wo0jd6mi','IMG-20241018-WA0003.jpg','image/jpeg','{"identified":true}','local',110647,'X9vNIQpqJwzNJjHZThv08A==','2024-10-18 19:45:44.680555');
INSERT INTO active_storage_blobs VALUES(10,'38kc98zmja3nbpk6h0a2fp8az8lf','IMG-20241018-WA0003.jpg','image/jpeg','{"identified":true}','local',5540,'z50VMosqwNcWjqJ+l0gfbw==','2024-10-18 19:45:44.893244');
INSERT INTO active_storage_blobs VALUES(11,'d4zav7wgd7rvnrctkzruwrssbhu2','IMG-20241018-WA0002.jpg','image/jpeg','{"identified":true}','local',12063,'nF+N7/rDoRcYwvJv8l2Gdg==','2024-10-18 20:52:29.005672');
INSERT INTO active_storage_blobs VALUES(12,'ur5mtz0e6epwve1o4lajmj7zi1kn','IMG-20241018-WA0003.jpg','image/jpeg','{"identified":true}','local',14435,'xMKg4W98lAOqumAQ5+k1Zw==','2024-10-18 22:47:19.162645');
CREATE TABLE IF NOT EXISTS "active_storage_attachments" ("id" integer PRIMARY KEY AUTOINCREMENT NOT NULL, "name" varchar NOT NULL, "record_type" varchar NOT NULL, "record_id" bigint NOT NULL, "blob_id" bigint NOT NULL, "created_at" datetime(6) NOT NULL, CONSTRAINT "fk_rails_c3b3935057"
FOREIGN KEY ("blob_id")
  REFERENCES "active_storage_blobs" ("id")
);
INSERT INTO active_storage_attachments VALUES(1,'profile_picture','User',1,1,'2024-10-18 10:43:17.651412');
INSERT INTO active_storage_attachments VALUES(2,'image','ActiveStorage::VariantRecord',1,2,'2024-10-18 10:43:18.326646');
INSERT INTO active_storage_attachments VALUES(3,'profile_picture','User',3,3,'2024-10-18 10:48:32.505762');
INSERT INTO active_storage_attachments VALUES(4,'image','ActiveStorage::VariantRecord',2,4,'2024-10-18 10:48:33.093402');
INSERT INTO active_storage_attachments VALUES(5,'image','ActiveStorage::VariantRecord',3,5,'2024-10-18 19:43:36.094295');
INSERT INTO active_storage_attachments VALUES(6,'image','ActiveStorage::VariantRecord',4,6,'2024-10-18 19:44:42.144394');
INSERT INTO active_storage_attachments VALUES(7,'profile_picture','User',2,7,'2024-10-18 19:45:26.250476');
INSERT INTO active_storage_attachments VALUES(8,'image','ActiveStorage::VariantRecord',5,8,'2024-10-18 19:45:26.467683');
INSERT INTO active_storage_attachments VALUES(9,'profile_picture','User',4,9,'2024-10-18 19:45:44.681465');
INSERT INTO active_storage_attachments VALUES(10,'image','ActiveStorage::VariantRecord',6,10,'2024-10-18 19:45:44.894148');
INSERT INTO active_storage_attachments VALUES(11,'image','ActiveStorage::VariantRecord',7,11,'2024-10-18 20:52:29.006704');
INSERT INTO active_storage_attachments VALUES(12,'image','ActiveStorage::VariantRecord',8,12,'2024-10-18 22:47:19.163707');
CREATE TABLE IF NOT EXISTS "active_storage_variant_records" ("id" integer PRIMARY KEY AUTOINCREMENT NOT NULL, "blob_id" bigint NOT NULL, "variation_digest" varchar NOT NULL, CONSTRAINT "fk_rails_993965df05"
FOREIGN KEY ("blob_id")
  REFERENCES "active_storage_blobs" ("id")
);
INSERT INTO active_storage_variant_records VALUES(1,1,'6/MbmLdOctrj7ukuFyVm7nWShm4=');
INSERT INTO active_storage_variant_records VALUES(2,3,'6/MbmLdOctrj7ukuFyVm7nWShm4=');
INSERT INTO active_storage_variant_records VALUES(3,1,'vrA3GLlzlwMjSEe6cE8VrJKWxds=');
INSERT INTO active_storage_variant_records VALUES(4,3,'vrA3GLlzlwMjSEe6cE8VrJKWxds=');
INSERT INTO active_storage_variant_records VALUES(5,7,'58nLvjR5lLpeOdoWw8+s844W40I=');
INSERT INTO active_storage_variant_records VALUES(6,9,'58nLvjR5lLpeOdoWw8+s844W40I=');
INSERT INTO active_storage_variant_records VALUES(7,7,'6x8KFtM/8O22vFlQ4EVqBuGjN8Q=');
INSERT INTO active_storage_variant_records VALUES(8,9,'6x8KFtM/8O22vFlQ4EVqBuGjN8Q=');
DELETE FROM sqlite_sequence;
INSERT INTO sqlite_sequence VALUES('boards',7);
INSERT INTO sqlite_sequence VALUES('corporations',47);
INSERT INTO sqlite_sequence VALUES('games',42);
INSERT INTO sqlite_sequence VALUES('sessions',32);
INSERT INTO sqlite_sequence VALUES('extensions',18);
INSERT INTO sqlite_sequence VALUES('users',24);
INSERT INTO sqlite_sequence VALUES('players',145);
INSERT INTO sqlite_sequence VALUES('active_storage_blobs',12);
INSERT INTO sqlite_sequence VALUES('active_storage_attachments',12);
INSERT INTO sqlite_sequence VALUES('active_storage_variant_records',8);
CREATE UNIQUE INDEX "index_extensions_on_name" ON "extensions" ("name");
CREATE INDEX "index_extensions_games_on_extension_id" ON "extensions_games" ("extension_id");
CREATE INDEX "index_extensions_games_on_game_id" ON "extensions_games" ("game_id");
CREATE UNIQUE INDEX "index_users_on_email_address" ON "users" ("email_address");
CREATE INDEX "index_boards_on_extension_id" ON "boards" ("extension_id");
CREATE UNIQUE INDEX "index_boards_on_name" ON "boards" ("name");
CREATE INDEX "index_corporations_on_extension_id" ON "corporations" ("extension_id");
CREATE UNIQUE INDEX "index_corporations_on_name" ON "corporations" ("name");
CREATE INDEX "index_games_on_board_id" ON "games" ("board_id");
CREATE INDEX "index_sessions_on_user_id" ON "sessions" ("user_id");
CREATE INDEX "index_players_on_corporation_id" ON "players" ("corporation_id");
CREATE INDEX "index_players_on_game_id" ON "players" ("game_id");
CREATE INDEX "index_players_on_user_id" ON "players" ("user_id");
CREATE UNIQUE INDEX "index_active_storage_blobs_on_key" ON "active_storage_blobs" ("key");
CREATE INDEX "index_active_storage_attachments_on_blob_id" ON "active_storage_attachments" ("blob_id");
CREATE UNIQUE INDEX "index_active_storage_attachments_uniqueness" ON "active_storage_attachments" ("record_type", "record_id", "name", "blob_id");
CREATE UNIQUE INDEX "index_active_storage_variant_records_uniqueness" ON "active_storage_variant_records" ("blob_id", "variation_digest");
COMMIT;
